isBeaOn,isCarolOn,isMichaelOn,isNoon,giselleKnowsHowToPlay,michaelKnowsHowToPlay,carolKnowsHowToPlay,beaKnowsHowToPlay,champion1,champion2,champion3,champion4,champion5,weWon,isGadoOn,weHaveTank,weHaveAdc,weHaveApc,weHaveBruiser,weHaveSup,gameDateMilliseconds,matchId
True,False,True,False,1.0,0.0,2.0,0.0,Ornn,Yone,Kayle,Xayah,Draven,False,False,True,True,False,False,False,1709347709647.0,BR1_2901823414
False,True,True,False,0.0,0.0,0.0,2.0,Ryze,Evelynn,Aatrox,MonkeyKing,Graves,False,False,False,False,True,True,False,1709346285352.0,BR1_2901800898
False,False,True,False,1.0,1.0,2.0,2.0,JarvanIV,Ezreal,Ryze,TwistedFate,Brand,True,False,False,True,True,False,False,1709344993722.0,BR1_2901788369
False,True,True,False,0.0,1.0,1.0,2.0,XinZhao,Illaoi,Lucian,Morgana,Ryze,False,False,False,True,True,True,False,1709259781738.0,BR1_2901302223
False,True,True,False,0.0,1.0,0.0,2.0,Caitlyn,Velkoz,Veigar,Darius,Riven,False,False,False,True,True,True,False,1709258746814.0,BR1_2901283985
False,True,True,False,0.0,1.0,1.0,2.0,Kayn,Karthus,MissFortune,Morgana,Fiora,False,False,False,True,True,False,False,1709217711964.0,BR1_2900959302
False,False,True,False,0.0,0.0,2.0,2.0,Morgana,Sylas,Kassadin,Lucian,Nocturne,True,False,False,True,True,False,False,1709404924557.0,BR1_2902115301
False,True,True,False,1.0,1.0,0.0,2.0,Jhin,Jinx,Xerath,Briar,Twitch,True,False,False,True,True,True,False,1709216053019.0,BR1_2900949586
False,False,True,False,0.0,0.0,2.0,2.0,Kayle,Sylas,Fizz,Ziggs,Thresh,True,False,True,False,True,False,True,1709214376896.0,BR1_2900939731
False,False,True,False,0.0,1.0,2.0,2.0,MonkeyKing,LeeSin,Tristana,Corki,Ryze,True,False,False,True,True,True,False,1709171191344.0,BR1_2900784010
False,False,True,False,1.0,1.0,2.0,2.0,Fiora,Nidalee,Riven,Kayle,Gragas,False,False,False,False,False,True,False,1709170063484.0,BR1_2900768363
False,True,True,False,1.0,0.0,1.0,2.0,Quinn,Lux,Ornn,Xayah,Zoe,False,False,True,True,True,False,False,1709168828805.0,BR1_2900747690
False,False,True,False,0.0,0.0,2.0,2.0,Veigar,Caitlyn,Soraka,Corki,Malphite,True,False,True,True,True,False,True,1709132001660.0,BR1_2900465648
False,False,True,False,1.0,1.0,2.0,2.0,Xerath,Ryze,Nautilus,Ekko,Pyke,False,False,True,False,True,False,True,1709130396487.0,BR1_2900460474
False,False,True,False,0.0,0.0,2.0,2.0,Darius,Morgana,Caitlyn,Jhin,Leblanc,False,False,False,True,True,True,False,1709129130605.0,BR1_2900456510
False,True,True,False,1.0,0.0,1.0,2.0,Ahri,Lux,Akali,Pyke,Caitlyn,False,False,False,True,True,False,False,1709086494649.0,BR1_2900338990
False,False,True,False,1.0,0.0,2.0,2.0,Jinx,Lux,Ornn,Xayah,Sylas,False,False,True,True,True,False,False,1709084570434.0,BR1_2900321409
False,False,True,False,0.0,1.0,2.0,2.0,Ashe,Renekton,Corki,Irelia,MonkeyKing,False,False,False,True,False,True,False,1709081380954.0,BR1_2900283771
False,False,False,False,1.0,2.0,2.0,2.0,Soraka,Vayne,Nidalee,Twitch,Yasuo,False,False,False,True,False,False,True,1709041139823.0,BR1_2899948228
True,False,True,False,0.0,0.0,2.0,0.0,Gragas,Garen,Mordekaiser,Brand,Azir,False,True,False,False,True,True,False,1709412480842.0,BR1_2902181879
True,False,True,False,1.0,0.0,2.0,1.0,Xerath,Malphite,LeeSin,Karma,Gragas,False,True,True,False,True,True,True,1709411234400.0,BR1_2902166939
True,False,True,False,1.0,1.0,2.0,1.0,TwistedFate,Jinx,Mordekaiser,Soraka,Riven,True,True,False,True,True,True,True,1709409721031.0,BR1_2902162088
True,False,True,False,0.0,1.0,2.0,1.0,Pantheon,Soraka,Sona,Ekko,Malphite,False,False,True,False,True,True,True,1709408608782.0,BR1_2902148374
True,False,True,False,0.0,0.0,2.0,0.0,Tristana,Lissandra,Leblanc,Naafiri,Jax,True,False,False,True,True,False,False,1709407355691.0,BR1_2902131376
False,False,True,False,1.0,1.0,2.0,2.0,Soraka,Brand,Malzahar,Nidalee,JarvanIV,True,False,False,False,True,False,True,1709475303340.0,BR1_2902569544
False,False,True,False,0.0,1.0,2.0,2.0,Draven,Caitlyn,Sona,Veigar,Vayne,False,False,False,True,True,False,True,1709476864360.0,BR1_2902584010
True,False,True,False,1.0,0.0,2.0,0.0,Maokai,TwistedFate,Singed,Veigar,Teemo,False,False,True,False,True,False,False,1709486736242.0,BR1_2902657076
True,False,True,False,0.0,0.0,2.0,0.0,TwistedFate,Varus,Bard,Nautilus,Nidalee,True,False,True,True,True,False,True,1709488413887.0,BR1_2902664709
True,False,True,False,1.0,1.0,2.0,1.0,Shen,Jax,Nidalee,Morgana,Brand,True,False,True,False,True,False,False,1709489922176.0,BR1_2902681716
True,False,False,False,0.0,2.0,2.0,0.0,Caitlyn,TahmKench,Nunu,Khazix,Ekko,True,False,True,True,True,False,False,1709491526751.0,BR1_2902701170
True,False,True,False,0.0,1.0,2.0,0.0,Velkoz,Viego,Mordekaiser,Skarner,MissFortune,True,False,False,True,False,True,False,1709493176589.0,BR1_2902712916
False,False,True,True,0.0,0.0,2.0,2.0,Jinx,Fizz,Pyke,Kaisa,MonkeyKing,True,False,False,True,False,True,False,1709504794081.0,BR1_2902854021
True,False,True,True,0.0,0.0,2.0,0.0,Ezreal,Caitlyn,Kaisa,Aatrox,MissFortune,False,False,False,True,False,False,False,1709506367135.0,BR1_2902869077
False,False,True,False,0.0,1.0,2.0,2.0,Evelynn,Nautilus,MasterYi,Veigar,Ekko,False,False,True,False,True,False,True,1709522777801.0,BR1_2903041328
False,False,True,False,1.0,0.0,2.0,2.0,Galio,Zed,Ahri,Lux,Twitch,True,False,True,True,True,False,False,1709571856041.0,BR1_2903196100
False,False,True,False,0.0,1.0,2.0,2.0,Lulu,Vayne,Renekton,Jax,Ezreal,False,False,False,True,False,True,True,1709602824795.0,BR1_2903442419
False,False,True,False,0.0,0.0,2.0,2.0,Velkoz,Rumble,Vladimir,Aatrox,Jinx,False,False,False,True,False,False,False,1709687206147.0,BR1_2903846702
False,False,True,False,0.0,1.0,2.0,2.0,Soraka,Twitch,Katarina,Blitzcrank,Graves,False,False,False,True,False,True,True,1709685464487.0,BR1_2903834172
True,False,True,False,0.0,0.0,2.0,0.0,Shaco,Talon,Leblanc,Samira,Rumble,False,False,False,True,False,False,False,1709739672223.0,BR1_2904032535
True,False,True,False,0.0,1.0,2.0,0.0,Kayle,Velkoz,Twitch,Renekton,Lucian,False,False,False,True,False,True,False,1709738198263.0,BR1_2904018728
False,False,True,False,0.0,0.0,2.0,2.0,Samira,Ahri,Belveth,Sona,Jhin,True,False,False,True,True,False,True,1709736488013.0,BR1_2904018051
True,False,True,False,0.0,0.0,2.0,0.0,Caitlyn,Lux,Janna,Jax,TwistedFate,True,False,False,True,True,False,True,1709776917371.0,BR1_2904304233
True,False,True,False,0.0,1.0,2.0,0.0,Zyra,Velkoz,Ezreal,Xayah,Akali,True,False,False,True,False,False,False,1709775607696.0,BR1_2904288518
True,False,True,False,0.0,0.0,2.0,0.0,Lux,Teemo,Graves,Sivir,Chogath,False,False,True,True,True,True,False,1709774175461.0,BR1_2904272742
True,False,True,False,0.0,0.0,2.0,0.0,Maokai,Pantheon,Varus,Smolder,Nautilus,False,False,True,True,False,True,True,1709772721575.0,BR1_2904256928
False,False,False,True,1.0,2.0,2.0,2.0,Malphite,Aatrox,TwistedFate,Gwen,Warwick,False,False,True,False,True,True,False,1709769065185.0,BR1_2904224292
False,False,False,True,1.0,2.0,2.0,2.0,Malphite,Senna,Ezreal,Xayah,Blitzcrank,False,False,True,True,False,False,True,1709767716653.0,BR1_2904205542
False,False,True,True,0.0,1.0,2.0,2.0,Caitlyn,JarvanIV,Rengar,Katarina,Draven,True,False,False,True,False,True,False,1710451269330.0,BR1_2907830593
False,False,True,False,0.0,0.0,2.0,2.0,Akali,Amumu,Shaco,Tryndamere,Ashe,False,False,True,True,False,False,False,1710449558093.0,BR1_2907821231
True,False,True,False,1.0,0.0,2.0,1.0,Talon,Nidalee,Lux,Draven,Jinx,False,False,False,True,True,False,False,1710298348791.0,BR1_2907204734
True,True,True,False,0.0,1.0,0.0,0.0,Brand,Soraka,Rell,Evelynn,Riven,False,False,True,False,True,True,True,1710296739028.0,BR1_2907202556
True,False,True,False,1.0,1.0,2.0,1.0,Mordekaiser,Sona,Seraphine,Xayah,Ekko,True,False,False,True,True,True,True,1710272162861.0,BR1_2906995210
True,False,True,False,0.0,0.0,2.0,1.0,Jax,Riven,Lulu,Leblanc,Heimerdinger,False,False,False,False,True,True,True,1710270635707.0,BR1_2906986227
True,False,True,False,1.0,1.0,2.0,0.0,Ziggs,Orianna,Quinn,Xayah,Yasuo,True,False,False,True,True,False,False,1710262863417.0,BR1_2906948132
True,False,True,False,1.0,1.0,2.0,1.0,Jhin,Diana,Lux,Xayah,Ezreal,False,False,False,True,True,True,False,1710261639502.0,BR1_2906943149
True,False,True,False,0.0,0.0,2.0,1.0,Jax,Darius,Jinx,Soraka,Irelia,True,False,False,True,False,True,True,1710260350783.0,BR1_2906932616
True,True,True,False,0.0,0.0,0.0,0.0,Gragas,Braum,Corki,Maokai,MonkeyKing,True,False,True,True,False,True,True,1710211776916.0,BR1_2906790906
True,True,True,False,1.0,0.0,0.0,0.0,TwistedFate,Brand,Qiyana,Lucian,Ashe,True,False,False,True,True,False,False,1710210448455.0,BR1_2906782975
True,True,True,False,0.0,1.0,1.0,1.0,Morgana,Lulu,Lux,Mordekaiser,Pyke,True,False,False,False,True,True,True,1710209303942.0,BR1_2906770796
True,True,True,False,1.0,1.0,0.0,1.0,Jinx,Nidalee,Soraka,Rammus,Darius,False,False,True,True,False,True,True,1710208106063.0,BR1_2906766054
True,False,True,False,0.0,0.0,2.0,1.0,Pantheon,Garen,Ashe,Senna,Tryndamere,True,False,False,True,False,True,True,1710180421357.0,BR1_2906530942
True,False,True,False,0.0,0.0,2.0,1.0,Nautilus,Neeko,Jhin,Morgana,Xerath,False,False,True,True,True,False,True,1710179058776.0,BR1_2906521825
True,False,True,False,1.0,0.0,2.0,0.0,Nilah,Darius,Aatrox,Xayah,Rakan,True,False,False,True,False,True,True,1710177467565.0,BR1_2906519600
True,False,True,False,0.0,1.0,2.0,0.0,Jax,Vex,Bard,Darius,Vayne,True,False,False,True,False,True,True,1710120856391.0,BR1_2906307505
True,False,True,False,1.0,0.0,2.0,1.0,Alistar,TwistedFate,Jhin,Lulu,Irelia,True,False,True,True,True,True,True,1710119431989.0,BR1_2906291425
True,False,True,False,1.0,1.0,2.0,1.0,TwistedFate,Soraka,Ekko,Viego,Varus,True,False,False,True,True,False,True,1710117929135.0,BR1_2906276631
True,False,True,False,0.0,0.0,2.0,0.0,Samira,Kayle,Vladimir,Aatrox,Smolder,True,False,False,True,False,False,False,1710116738306.0,BR1_2906257790
True,False,True,True,1.0,0.0,2.0,1.0,Ahri,Seraphine,Malphite,Pyke,Jinx,True,False,True,True,True,False,False,1710709972361.0,BR1_2909240951
True,False,True,False,1.0,0.0,2.0,1.0,Sett,TwistedFate,Varus,Aatrox,Sylas,True,False,False,True,True,True,False,1710708875591.0,BR1_2909229780
True,False,True,False,0.0,0.0,2.0,1.0,Zilean,Darius,Sivir,Morgana,LeeSin,True,False,False,True,True,True,False,1710707607817.0,BR1_2909216582
True,False,True,False,0.0,1.0,2.0,1.0,Zoe,Swain,Zyra,Soraka,JarvanIV,False,False,False,False,True,True,True,1710705883731.0,BR1_2909202394
True,False,True,False,0.0,1.0,2.0,0.0,Leblanc,Zyra,Vex,Ekko,Evelynn,False,False,False,False,True,False,False,1710704415491.0,BR1_2909189285
True,False,True,False,0.0,1.0,2.0,1.0,Darius,Ashe,Annie,Lulu,Ryze,True,False,False,True,True,True,True,1710702880153.0,BR1_2909172565
False,False,True,False,0.0,0.0,2.0,2.0,Cassiopeia,Bard,Viktor,Thresh,Maokai,False,False,True,False,True,False,True,1710687596586.0,BR1_2909060085
False,False,True,False,1.0,0.0,2.0,2.0,Fizz,Lulu,Nidalee,Xayah,KogMaw,False,False,False,True,False,False,True,1710686141860.0,BR1_2909048548
True,True,True,False,1.0,1.0,0.0,1.0,Twitch,Neeko,Sona,Xayah,Karthus,True,False,False,True,False,False,True,1710641468808.0,BR1_2908883148
True,True,True,False,1.0,0.0,1.0,1.0,Diana,Morgana,Varus,Xayah,Swain,False,False,False,True,True,True,False,1710640357879.0,BR1_2908873010
True,True,True,False,0.0,1.0,1.0,0.0,Tryndamere,Malphite,Nasus,Amumu,Vayne,False,False,True,True,False,True,False,1710639179186.0,BR1_2908861457
True,True,True,False,0.0,1.0,0.0,0.0,MissFortune,Amumu,AurelionSol,Yuumi,Yasuo,True,False,True,True,False,False,True,1710638001959.0,BR1_2908846753
True,True,True,False,1.0,0.0,0.0,0.0,TwistedFate,LeeSin,Garen,Orianna,FiddleSticks,False,False,False,False,True,False,False,1710636699222.0,BR1_2908841043
True,False,True,False,1.0,1.0,2.0,0.0,TwistedFate,Veigar,Ekko,Pyke,Ashe,False,False,False,True,True,False,False,1710617107114.0,BR1_2908664698
False,False,True,False,0.0,0.0,2.0,2.0,Blitzcrank,Sylas,Vex,Velkoz,Irelia,True,False,False,False,False,True,True,1710613006868.0,BR1_2908635235
False,False,True,False,0.0,1.0,2.0,2.0,Sett,Illaoi,Kayle,Zed,FiddleSticks,True,False,False,False,False,True,False,1710611371518.0,BR1_2908618745
False,False,True,False,1.0,0.0,2.0,2.0,Morgana,Malphite,Nilah,Nidalee,Neeko,True,False,True,False,True,False,False,1710604773915.0,BR1_2908576740
False,False,True,False,1.0,0.0,2.0,2.0,Lulu,Lissandra,Neeko,Xayah,Fizz,False,False,False,True,True,False,True,1710603062499.0,BR1_2908568583
True,False,True,False,1.0,0.0,2.0,1.0,Sivir,Janna,Nidalee,Nami,Swain,True,False,False,True,False,True,True,1710559694784.0,BR1_2908427391
True,False,True,False,0.0,1.0,2.0,1.0,Sona,Varus,Leona,Nami,Mordekaiser,True,False,True,True,False,True,True,1710558439999.0,BR1_2908410902
True,False,True,False,0.0,1.0,2.0,0.0,Morgana,Brand,Ekko,Anivia,Smolder,False,False,False,True,True,False,False,1711074717604.0,BR1_2911210892
True,False,True,False,0.0,0.0,2.0,0.0,Sejuani,Pantheon,MissFortune,Zilean,Leblanc,True,False,True,True,True,True,False,1711073215556.0,BR1_2911202403
True,False,True,False,0.0,0.0,2.0,1.0,Varus,Lulu,Amumu,MissFortune,Morgana,True,False,True,True,True,False,True,1711071977898.0,BR1_2911185811
True,False,True,True,0.0,1.0,2.0,1.0,Malzahar,Yuumi,Ashe,Darius,Akali,False,False,False,True,True,True,True,1711054918385.0,BR1_2911018391
True,False,True,False,0.0,0.0,2.0,0.0,Rammus,Lissandra,Orianna,Aatrox,Shaco,True,False,True,False,True,False,False,1711053574032.0,BR1_2911008235
False,False,True,False,1.0,0.0,2.0,2.0,Jhin,Varus,Galio,Xayah,Jax,True,False,True,True,False,False,False,1711033647383.0,BR1_2910880261
True,False,True,False,0.0,0.0,2.0,0.0,Yuumi,Kayle,Shen,Ziggs,Kassadin,True,False,True,False,True,False,True,1710989988089.0,BR1_2910727974
True,False,True,False,0.0,0.0,2.0,1.0,Teemo,Shaco,Akali,Seraphine,Quinn,False,False,False,True,False,False,False,1710988192347.0,BR1_2910714364
True,False,True,False,1.0,1.0,2.0,1.0,Volibear,Nidalee,Darius,Ashe,Vayne,False,False,False,True,False,True,False,1710986374526.0,BR1_2910703126
True,False,True,False,0.0,1.0,2.0,0.0,Soraka,Vex,Darius,Pyke,Fiora,True,False,False,False,False,True,True,1710984777753.0,BR1_2910679904
True,False,True,True,1.0,0.0,2.0,0.0,Ahri,Ahri,Ahri,Ahri,Ahri,False,False,False,False,True,False,False,1710969642395.0,BR1_2910527740
True,False,False,False,0.0,2.0,2.0,1.0,Neeko,Soraka,Karma,Thresh,MissFortune,False,True,True,True,False,False,True,1710967548748.0,BR1_2910521229
True,False,True,False,0.0,1.0,2.0,0.0,Renekton,Akali,Heimerdinger,Ekko,Aphelios,False,False,False,True,True,True,False,1710946221923.0,BR1_2910408335
True,False,True,False,0.0,1.0,2.0,0.0,Renekton,Akali,Heimerdinger,Ekko,Aphelios,False,False,False,True,True,True,False,1710946221923.0,BR1_2910408335
True,False,True,False,0.0,1.0,2.0,0.0,MissFortune,Warwick,Draven,Xerath,Yasuo,True,False,False,True,True,True,False,1710945078846.0,BR1_2910413021
True,False,True,False,0.0,1.0,2.0,0.0,TwistedFate,Caitlyn,MonkeyKing,Syndra,Zed,False,False,False,True,True,True,False,1710905924676.0,BR1_2910306973
True,True,True,False,0.0,0.0,1.0,1.0,Thresh,Sona,Lux,Rengar,Malphite,False,False,True,False,True,True,True,1710904276309.0,BR1_2910298907
True,False,True,False,0.0,1.0,2.0,0.0,Zilean,Mordekaiser,Yuumi,Vayne,Quinn,True,False,False,True,True,True,True,1710903266933.0,BR1_2910286960
True,False,True,False,0.0,0.0,2.0,0.0,Tristana,Zyra,Brand,Rammus,Chogath,True,False,True,True,True,False,False,1710900817687.0,BR1_2910262846
True,False,False,False,0.0,2.0,2.0,0.0,Aphelios,Ekko,Akali,Brand,Graves,False,False,False,True,True,True,False,1710881557617.0,BR1_2910093749
False,False,True,False,0.0,1.0,2.0,2.0,Jhin,Gwen,Kayle,Naafiri,Vayne,True,False,False,True,False,False,False,1710860807104.0,BR1_2909985242
False,False,True,False,0.0,1.0,2.0,2.0,Samira,Lucian,Brand,Fiora,Malphite,False,False,True,True,True,False,False,1711287239716.0,BR1_2912552038
True,True,True,False,0.0,0.0,0.0,0.0,Veigar,Bard,Aphelios,Nilah,Morgana,True,True,False,True,True,False,True,1711252176531.0,BR1_2912415743
True,True,True,False,0.0,0.0,0.0,1.0,Veigar,Jhin,Aphelios,Yuumi,Shen,True,True,True,True,True,False,True,1711250696477.0,BR1_2912412018
True,True,True,False,0.0,1.0,0.0,0.0,Warwick,Thresh,Vex,Teemo,Ezreal,False,False,True,True,False,True,True,1711249550428.0,BR1_2912388594
True,True,True,False,0.0,0.0,1.0,0.0,Senna,Yuumi,MissFortune,Lux,LeeSin,True,False,False,True,True,False,True,1711247881072.0,BR1_2912372920
True,True,True,False,1.0,0.0,0.0,0.0,Ashe,Caitlyn,Talon,Xayah,Shen,True,False,True,True,False,False,False,1711246674065.0,BR1_2912363122
True,False,True,False,1.0,0.0,2.0,1.0,Katarina,TahmKench,Morgana,Xayah,Tristana,False,False,True,True,True,False,False,1711216490371.0,BR1_2912032170
True,False,True,False,0.0,0.0,2.0,0.0,Zed,Lucian,Thresh,Janna,Volibear,True,False,True,True,False,True,True,1711215327180.0,BR1_2912014858
True,False,True,False,1.0,0.0,2.0,1.0,Nidalee,Jhin,Irelia,Karma,Ashe,True,False,False,True,False,True,True,1711213801208.0,BR1_2912003627
False,True,True,False,1.0,0.0,0.0,2.0,Caitlyn,Garen,Ziggs,Xayah,Pyke,False,True,False,True,True,False,False,1711164602090.0,BR1_2911763599
False,True,True,False,0.0,1.0,0.0,2.0,Braum,Kayle,Olaf,Thresh,Ekko,True,True,True,False,True,True,True,1711162861933.0,BR1_2911749251
False,True,True,False,0.0,1.0,0.0,2.0,Ziggs,Mordekaiser,Ryze,Caitlyn,Twitch,False,True,False,True,True,True,False,1711160384584.0,BR1_2911708893
False,False,True,False,0.0,0.0,2.0,2.0,MissFortune,Chogath,Brand,Blitzcrank,Ziggs,True,False,True,True,True,False,True,1711158309636.0,BR1_2911695472
True,False,True,True,0.0,1.0,2.0,1.0,Akali,Senna,Ekko,Karma,Jinx,False,False,False,True,True,False,True,1711141783754.0,BR1_2911525354
True,False,True,False,0.0,1.0,2.0,0.0,Velkoz,Rell,Vayne,Vi,Katarina,False,False,True,True,False,True,False,1711139997878.0,BR1_2911516295
False,False,True,False,1.0,0.0,2.0,2.0,Velkoz,Nidalee,Irelia,Ashe,MissFortune,True,False,False,True,False,True,False,1711118875175.0,BR1_2911375036
False,False,True,False,0.0,0.0,2.0,2.0,Ziggs,Karthus,Yuumi,Veigar,Amumu,False,False,True,False,True,False,True,1711117514495.0,BR1_2911362822
True,False,True,False,0.0,1.0,2.0,0.0,Morgana,Brand,Ekko,Anivia,Smolder,False,False,False,True,True,False,False,1711074717604.0,BR1_2911210892
True,False,True,False,0.0,0.0,2.0,0.0,Sejuani,Pantheon,MissFortune,Zilean,Leblanc,True,False,True,True,True,True,False,1711073215556.0,BR1_2911202403
True,False,True,False,0.0,0.0,2.0,1.0,Varus,Lulu,Amumu,MissFortune,Morgana,True,False,True,True,True,False,True,1711071977898.0,BR1_2911185811
False,False,True,False,1.0,0.0,2.0,2.0,Jhin,Katarina,Ziggs,Xayah,MonkeyKing,True,False,False,True,True,True,False,1711548247173.0,BR1_2914165929
False,False,True,False,0.0,0.0,2.0,2.0,Ezreal,Tristana,Kaisa,Velkoz,Morgana,False,False,False,True,True,False,False,1711547095558.0,BR1_2914161344
True,False,True,False,0.0,0.0,2.0,0.0,Taliyah,Sona,Yuumi,Malphite,MonkeyKing,True,False,True,False,False,True,True,1711508423737.0,BR1_2914066648
True,False,True,False,0.0,1.0,2.0,0.0,Yuumi,Veigar,Fiora,Darius,Maokai,True,False,True,False,True,True,True,1711506986022.0,BR1_2914056598
True,False,True,False,0.0,0.0,2.0,1.0,Brand,Soraka,Jhin,Shen,Draven,True,False,True,True,True,False,True,1711505812389.0,BR1_2914042766
True,False,True,False,0.0,1.0,2.0,1.0,Thresh,MissFortune,Nami,Tristana,Mordekaiser,True,False,True,True,False,True,True,1711504532720.0,BR1_2914036023
True,False,True,False,0.0,1.0,2.0,0.0,Veigar,Morgana,Zoe,Lucian,Vayne,False,False,False,True,True,False,False,1711385295757.0,BR1_2913252791
True,False,True,False,0.0,0.0,2.0,1.0,MissFortune,Lulu,Lucian,Morgana,Janna,False,False,False,True,True,False,True,1711383998090.0,BR1_2913240967
False,False,True,False,0.0,0.0,2.0,2.0,Katarina,Taliyah,Sivir,Veigar,Pyke,False,False,False,True,True,False,False,1711330413623.0,BR1_2913022366
True,False,True,False,0.0,0.0,2.0,1.0,Swain,Caitlyn,Lulu,Jinx,Akali,False,False,False,True,False,True,True,1711309416795.0,BR1_2912752253
True,False,True,False,0.0,1.0,2.0,0.0,Velkoz,Akali,Brand,Tristana,Yasuo,True,False,False,True,True,False,False,1711307787675.0,BR1_2912733978
True,False,True,False,0.0,0.0,2.0,1.0,MissFortune,Morgana,Tristana,Leblanc,Caitlyn,True,False,False,True,True,False,False,1711306555934.0,BR1_2912711751
True,False,True,False,0.0,1.0,2.0,1.0,MissFortune,Kayle,Lulu,Varus,Renekton,True,False,False,True,False,True,True,1711304470127.0,BR1_2912695728
True,False,True,False,0.0,1.0,2.0,0.0,Pyke,Annie,Kalista,Renekton,Vayne,True,False,False,True,True,True,False,1711303296138.0,BR1_2912682766
False,False,True,False,0.0,1.0,2.0,2.0,Samira,Lucian,Brand,Fiora,Malphite,False,False,True,True,True,False,False,1711287239716.0,BR1_2912552038
True,True,True,False,0.0,0.0,0.0,0.0,Veigar,Bard,Aphelios,Nilah,Morgana,True,True,False,True,True,False,True,1711252176531.0,BR1_2912415743
True,True,True,False,0.0,0.0,0.0,1.0,Veigar,Jhin,Aphelios,Yuumi,Shen,True,True,True,True,True,False,True,1711250696477.0,BR1_2912412018
True,True,True,False,0.0,1.0,0.0,0.0,Warwick,Thresh,Vex,Teemo,Ezreal,False,False,True,True,False,True,True,1711249550428.0,BR1_2912388594
True,True,True,False,0.0,0.0,1.0,0.0,Senna,Yuumi,MissFortune,Lux,LeeSin,True,False,False,True,True,False,True,1711247881072.0,BR1_2912372920
True,True,True,False,1.0,0.0,0.0,0.0,Ashe,Caitlyn,Talon,Xayah,Shen,True,False,True,True,False,False,False,1711246674065.0,BR1_2912363122
False,False,True,False,0.0,1.0,2.0,2.0,Pantheon,Zed,Lillia,TwistedFate,Orianna,False,False,False,False,True,True,False,1711634833777.0,BR1_2914671409
True,False,True,True,0.0,0.0,2.0,0.0,Fizz,Milio,Kennen,Rengar,Katarina,True,False,False,False,False,True,True,1711580009698.0,BR1_2914368184
True,False,True,True,0.0,0.0,2.0,0.0,Gangplank,Cassiopeia,Quinn,Orianna,Syndra,False,False,False,True,True,False,False,1711578342268.0,BR1_2914348850
False,False,True,False,0.0,1.0,2.0,2.0,Jax,AurelionSol,Gnar,Maokai,Vayne,True,False,True,True,False,True,False,1711559089295.0,BR1_2914207331
False,False,True,False,0.0,1.0,2.0,2.0,Veigar,Ezreal,Vi,Sylas,Malphite,False,False,True,True,True,True,False,1711557382983.0,BR1_2914195418
False,False,True,False,1.0,0.0,2.0,2.0,Jhin,Katarina,Ziggs,Xayah,MonkeyKing,True,False,False,True,True,True,False,1711548247173.0,BR1_2914165929
False,False,True,False,0.0,0.0,2.0,2.0,Ezreal,Tristana,Kaisa,Velkoz,Morgana,False,False,False,True,True,False,False,1711547095558.0,BR1_2914161344
True,False,True,False,0.0,0.0,2.0,0.0,Taliyah,Sona,Yuumi,Malphite,MonkeyKing,True,False,True,False,False,True,True,1711508423737.0,BR1_2914066648
True,False,True,False,0.0,1.0,2.0,0.0,Yuumi,Veigar,Fiora,Darius,Maokai,True,False,True,False,True,True,True,1711506986022.0,BR1_2914056598
True,False,True,False,0.0,0.0,2.0,1.0,Brand,Soraka,Jhin,Shen,Draven,True,False,True,True,True,False,True,1711505812389.0,BR1_2914042766
True,False,True,False,0.0,1.0,2.0,1.0,Thresh,MissFortune,Nami,Tristana,Mordekaiser,True,False,True,True,False,True,True,1711504532720.0,BR1_2914036023
True,False,True,False,0.0,1.0,2.0,0.0,Veigar,Morgana,Zoe,Lucian,Vayne,False,False,False,True,True,False,False,1711385295757.0,BR1_2913252791
True,False,True,False,0.0,0.0,2.0,1.0,MissFortune,Lulu,Lucian,Morgana,Janna,False,False,False,True,True,False,True,1711383998090.0,BR1_2913240967
False,False,True,False,0.0,0.0,2.0,2.0,Katarina,Taliyah,Sivir,Veigar,Pyke,False,False,False,True,True,False,False,1711330413623.0,BR1_2913022366
True,True,True,False,0.0,0.0,0.0,0.0,MissFortune,Ahri,Varus,Zeri,Singed,False,False,True,True,True,False,False,1711759486793.0,BR1_2915622917
True,False,True,False,0.0,1.0,2.0,0.0,Kayle,Anivia,Aatrox,Zac,Ryze,False,False,True,False,True,False,False,1711757849280.0,BR1_2915615241
True,False,True,True,0.0,1.0,2.0,0.0,Tristana,Lissandra,Ashe,Darius,Pyke,False,False,False,True,True,True,False,1711756730091.0,BR1_2915598468
True,False,True,True,0.0,0.0,2.0,1.0,Milio,Lux,Irelia,Twitch,Soraka,True,False,False,True,True,True,True,1711755448479.0,BR1_2915578880
False,False,True,False,0.0,0.0,2.0,2.0,Senna,Vladimir,Gwen,Thresh,Graves,False,False,True,True,False,True,True,1711740231643.0,BR1_2915410395
True,False,True,False,0.0,1.0,2.0,1.0,Brand,Malphite,Sona,Seraphine,Darius,True,False,True,False,True,True,True,1711684139845.0,BR1_2915101826
True,False,True,False,1.0,1.0,2.0,0.0,Ahri,Orianna,Darius,Leblanc,Lucian,True,False,False,True,True,True,False,1711682529420.0,BR1_2915086377
True,False,True,False,0.0,0.0,2.0,0.0,Varus,KogMaw,Zyra,Kayle,Jinx,True,False,False,True,False,False,False,1711680695796.0,BR1_2915065382
False,False,True,False,0.0,0.0,2.0,2.0,Jinx,Ezreal,Rumble,MissFortune,MonkeyKing,True,False,False,True,False,True,False,1711649797572.0,BR1_2914770534
False,False,True,False,1.0,0.0,2.0,2.0,Nidalee,Irelia,Nautilus,Caitlyn,Neeko,True,False,True,True,False,True,True,1711648643529.0,BR1_2914760117
False,False,True,False,0.0,0.0,2.0,2.0,Twitch,Karma,Chogath,Rumble,Jinx,False,False,True,True,False,False,True,1711646934216.0,BR1_2914745961
False,True,True,True,0.0,1.0,0.0,2.0,Veigar,Velkoz,Yasuo,Draven,Thresh,True,False,True,True,True,False,True,1711928799777.0,BR1_2916806242
True,False,True,False,1.0,1.0,2.0,0.0,Ezreal,Cassiopeia,Vayne,Akali,Mordekaiser,False,False,False,True,True,True,False,1711907352096.0,BR1_2916578712
True,False,True,False,0.0,0.0,2.0,0.0,Singed,Anivia,Aatrox,Samira,Syndra,False,False,True,True,True,False,False,1711903472021.0,BR1_2916552226
True,False,True,False,1.0,1.0,2.0,0.0,TwistedFate,Pantheon,Brand,Chogath,Thresh,True,False,True,False,True,True,True,1711901891177.0,BR1_2916537829
True,False,True,False,0.0,1.0,2.0,0.0,Braum,Smolder,Singed,Twitch,Neeko,True,False,True,True,False,False,True,1711854931022.0,BR1_2916330630
True,False,True,False,0.0,0.0,2.0,1.0,Zoe,MissFortune,Lulu,Zed,LeeSin,False,False,False,True,True,False,True,1711853560501.0,BR1_2916317198
True,False,True,True,0.0,1.0,2.0,0.0,MissFortune,Heimerdinger,Darius,Nautilus,Yone,True,False,True,True,True,True,True,1711835499159.0,BR1_2916134413
True,False,True,True,0.0,1.0,2.0,0.0,Zyra,Draven,Lux,Anivia,Ekko,True,False,False,True,True,False,False,1711834160812.0,BR1_2916121808
True,False,True,True,0.0,0.0,2.0,0.0,Pyke,Brand,Nautilus,Janna,Xerath,False,False,True,False,True,False,True,1711833154244.0,BR1_2916115117
True,False,True,False,0.0,1.0,2.0,1.0,Annie,Nami,Vayne,Karma,Caitlyn,False,False,False,True,True,False,True,1711831899432.0,BR1_2916101881
False,False,True,False,0.0,0.0,2.0,2.0,Aatrox,Taliyah,Graves,Quinn,Varus,True,False,False,True,False,True,False,1711807518888.0,BR1_2915908409
True,True,True,False,1.0,0.0,0.0,1.0,Karthus,Seraphine,Ashe,Xayah,DrMundo,False,False,False,True,False,False,False,1711764025560.0,BR1_2915705528
True,True,True,False,0.0,0.0,0.0,1.0,Annie,Karma,Malphite,Kaisa,Leblanc,True,False,True,True,True,False,True,1711762632227.0,BR1_2915676882
False,False,True,False,0.0,0.0,2.0,2.0,MissFortune,Caitlyn,Aatrox,Varus,Vayne,True,False,False,True,False,False,False,1712237960585.0,BR1_2918402086
False,False,True,False,0.0,1.0,2.0,2.0,Jinx,Zac,Swain,Neeko,Soraka,True,False,True,True,False,True,True,1712236156473.0,BR1_2918392560
False,False,True,False,0.0,1.0,2.0,2.0,Draven,Skarner,Tristana,Yasuo,Jinx,False,False,False,True,False,True,False,1712198910889.0,BR1_2918281857
False,False,True,False,0.0,0.0,2.0,2.0,Tristana,Varus,Garen,Heimerdinger,Evelynn,True,False,False,True,True,False,False,1712197766441.0,BR1_2918266953
False,False,True,False,0.0,0.0,2.0,2.0,Varus,Neeko,Khazix,Thresh,Fizz,False,False,True,True,False,False,True,1712158147000.0,BR1_2917977207
False,False,True,False,0.0,1.0,2.0,2.0,LeeSin,MonkeyKing,Zed,Malzahar,Syndra,True,False,False,False,True,True,False,1712157065226.0,BR1_2917974347
False,False,True,False,0.0,0.0,2.0,2.0,Lissandra,Seraphine,Varus,Ashe,Rumble,False,False,False,True,True,False,False,1712155638766.0,BR1_2917962765
False,False,True,False,0.0,1.0,2.0,2.0,Kayn,KogMaw,Shaco,Tristana,Zac,True,False,True,True,False,False,False,1712154488550.0,BR1_2917963490
False,False,False,False,0.0,2.0,2.0,2.0,Thresh,MasterYi,Zyra,Maokai,Zeri,True,False,True,True,False,False,True,1712084276410.0,BR1_2917604332
True,False,True,False,0.0,0.0,2.0,0.0,Olaf,Riven,Ahri,Gangplank,Ryze,True,False,False,False,True,True,False,1712069216000.0,BR1_2917521240
True,False,True,False,0.0,1.0,2.0,0.0,Malzahar,Zilean,Nautilus,Kalista,Yasuo,True,False,True,True,True,False,True,1712067883836.0,BR1_2917512285
True,False,True,False,0.0,1.0,2.0,0.0,Quinn,Vex,Vayne,Jayce,Kaisa,True,False,False,True,False,False,False,1712066183853.0,BR1_2917503936
True,False,False,False,0.0,2.0,2.0,0.0,Annie,Darius,Zeri,TwistedFate,Aatrox,False,False,False,True,True,True,False,1712027114890.0,BR1_2917397448
True,False,False,False,1.0,2.0,2.0,1.0,Ezreal,Annie,Renekton,Xayah,Neeko,False,False,False,True,True,True,False,1712025516087.0,BR1_2917388392
True,False,False,False,1.0,2.0,2.0,1.0,Ezreal,Annie,Renekton,Xayah,Neeko,False,False,False,True,True,True,False,1712025516087.0,BR1_2917388392
False,True,True,False,1.0,1.0,1.0,2.0,Ezreal,Morgana,Vayne,Leblanc,Renekton,False,False,False,True,True,True,False,1712024081436.0,BR1_2917371851
False,True,True,False,1.0,1.0,0.0,2.0,Nidalee,Lucian,Vayne,Kayn,Yasuo,False,False,False,True,False,False,False,1712022988341.0,BR1_2917368227
False,True,True,False,0.0,0.0,0.0,2.0,Qiyana,Nocturne,Darius,MissFortune,Thresh,False,False,True,True,False,True,True,1712022178902.0,BR1_2917344970
False,False,True,False,1.0,0.0,2.0,2.0,Nidalee,Aatrox,MissFortune,Anivia,Evelynn,True,False,False,True,False,False,False,1712000862237.0,BR1_2917156771
False,False,False,False,0.0,2.0,2.0,2.0,Velkoz,TahmKench,Samira,Taliyah,Mordekaiser,False,False,True,True,False,True,False,1711989043551.0,BR1_2917090366
False,False,False,False,0.0,2.0,2.0,2.0,Soraka,Braum,Caitlyn,Leblanc,Senna,False,False,True,True,False,False,True,1711987311762.0,BR1_2917085292
False,False,True,False,0.0,1.0,2.0,2.0,Rammus,Ivern,Nunu,Quinn,Vayne,True,False,True,True,False,False,False,1712605475797.0,BR1_2920589111
False,False,True,False,0.0,0.0,2.0,2.0,Tryndamere,JarvanIV,Lulu,Velkoz,Karma,False,False,False,False,False,False,True,1712604342721.0,BR1_2920575086
False,False,True,False,1.0,1.0,2.0,2.0,Orianna,Fizz,Darius,Xayah,Neeko,False,False,False,True,True,True,False,1712585120727.0,BR1_2920473369
False,False,True,False,0.0,0.0,2.0,2.0,Illaoi,Graves,Anivia,Yuumi,Xerath,True,False,False,False,True,True,True,1712583465106.0,BR1_2920466660
True,False,True,False,0.0,1.0,2.0,1.0,Amumu,Samira,Sona,Karma,Yasuo,False,False,True,True,False,False,True,1712543501297.0,BR1_2920347150
True,False,True,False,1.0,0.0,2.0,1.0,Ziggs,Morgana,Chogath,Xayah,Twitch,True,False,True,True,True,False,False,1712541918511.0,BR1_2920332960
True,False,True,False,0.0,0.0,2.0,0.0,Ekko,Tristana,Veigar,Bard,Aatrox,True,False,False,True,True,False,True,1712540855144.0,BR1_2920310822
True,False,True,False,0.0,0.0,2.0,0.0,Teemo,Diana,Briar,Kaisa,Jax,True,False,False,True,True,True,False,1712538943797.0,BR1_2920298723
False,False,True,False,1.0,0.0,2.0,2.0,FiddleSticks,Jax,Samira,Xayah,Braum,False,False,True,True,False,False,True,1712517433534.0,BR1_2920067318
False,False,True,False,0.0,0.0,2.0,2.0,Braum,Zilean,Illaoi,Akali,Jinx,True,False,True,True,True,True,True,1712515716353.0,BR1_2920044929
False,False,True,False,0.0,0.0,2.0,2.0,Riven,TwistedFate,Amumu,Jinx,Taliyah,False,False,True,True,True,True,False,1712513806424.0,BR1_2920038213
False,False,True,False,0.0,1.0,2.0,2.0,Diana,Tristana,Ekko,Riven,Lucian,True,False,False,True,True,True,False,1712503590004.0,BR1_2919963165
False,False,True,False,0.0,0.0,2.0,2.0,Graves,Morgana,Lux,Jhin,Malphite,True,False,True,True,True,True,False,1712502598038.0,BR1_2919955046
False,False,True,False,0.0,0.0,2.0,2.0,Katarina,Karma,Shen,Caitlyn,Annie,True,False,True,True,True,False,True,1712501199798.0,BR1_2919946039
False,False,True,False,0.0,0.0,2.0,2.0,Elise,Morgana,Hwei,Zilean,Jinx,True,False,False,True,True,True,False,1712419796712.0,BR1_2919414457
False,False,True,False,0.0,1.0,2.0,2.0,Soraka,Volibear,Ashe,Sona,Vayne,True,False,False,True,False,True,True,1712418153208.0,BR1_2919404785
False,False,True,False,0.0,0.0,2.0,2.0,Kayn,Corki,Morgana,Vayne,Gangplank,True,False,False,True,True,False,False,1712416794320.0,BR1_2919398108
True,False,True,False,0.0,1.0,2.0,1.0,MissFortune,Lulu,Samira,Darius,Katarina,False,False,False,True,False,True,True,1712373546628.0,BR1_2919228309
True,False,True,False,0.0,0.0,2.0,0.0,Briar,Quinn,Lucian,Amumu,Maokai,False,False,True,True,False,True,False,1712371978552.0,BR1_2919219020
True,False,True,False,0.0,1.0,2.0,0.0,Gangplank,Caitlyn,DrMundo,Pyke,Vayne,True,False,False,True,False,False,False,1712370936783.0,BR1_2919202275
